path_name,id_user,value
timezone,14546,America/Port-au-Prince
china_reachable,13586,no
china_reachable,13888,no
ui.language,13820,english
china_reachable,13988,no
china_reachable,13897,no
ui.language,15072,english
timezone,13815,America/Denver
ui.language,15454,english
china_reachable,14080,no
timezone,13765,America/Los_Angeles
china_reachable,13646,no
ui.language,14056,english
ui.language,15367,english
timezone,14637,America/New_York
timezone,14595,America/Los_Angeles
timezone,13749,America/Los_Angeles
ui.language,14432,english
ui.language,15111,english
timezone,14253,America/New_York
timezone,13911,America/Los_Angeles
timezone,14566,America/Los_Angeles
ui.language,13894,english
timezone,14403,America/New_York
ui.language,15468,english
ui.language,13858,english
timezone,14434,America/Denver
timezone,14061,America/Los_Angeles
timezone,15433,America/Los_Angeles
ui.language,14020,english
ui.language,14533,english
ui.language,13815,english
timezone,14066,America/Chicago
ui.language,15271,english
ui.language,14974,english
ui.language,14332,english
timezone,13877,America/Los_Angeles
ui.language,13911,english
timezone,15197,America/Los_Angeles
timezone,15466,America/Los_Angeles
timezone,14624,America/Los_Angeles
ui.language,15090,english
ui.language,15302,english
ui.language,13909,english
ui.language,14487,english
timezone,15240,America/New_York
ui.language,14558,english
ui.language,12303,english
ui.language,13849,english
ui.language,14087,english
ui.language,13775,english
ui.language,14572,english
ui.language,14636,english
timezone,15327,Europe/London
ui.language,14486,english
ui.language,15031,english
ui.language,14446,english
ui.language,14398,english
timezone,14338,America/New_York
timezone,13947,America/Phoenix
ui.language,13694,english
timezone,15192,America/Los_Angeles
timezone,15183,America/Los_Angeles
ui.language,14422,english
timezone,13594,America/Los_Angeles
ui.language,14344,english
ui.language,15437,english
timezone,15340,America/Chicago
timezone,14361,America/New_York
timezone,15184,America/New_York
ui.language,14434,english
ui.language,14507,english
timezone,14589,America/Denver
ui.language,14067,english
ui.language,14490,english
ui.language,15499,english
ui.language,13960,english
timezone,13881,America/New_York
timezone,15076,America/Los_Angeles
timezone,14673,America/Los_Angeles
timezone,14645,Europe/London
timezone,13683,America/Los_Angeles
ui.language,14837,english
timezone,14045,America/New_York
ui.language,14407,english
ui.language,13742,english
ui.language,14605,english
ui.language,13836,english
timezone,13865,America/Los_Angeles
timezone,14337,America/New_York
timezone,14068,America/Los_Angeles
china_reachable,13617,no
ui.language,14464,english
ui.language,14212,english
ui.language,13701,english
timezone,15275,America/Los_Angeles
timezone,13628,America/New_York
ui.language,15256,english
timezone,14514,America/Mexico_City
ui.language,14978,english
ui.language,15522,english
timezone,14602,America/Los_Angeles
timezone,15229,America/Los_Angeles
timezone,15251,America/Los_Angeles
ui.language,15310,english
ui.language,13636,english
timezone,15186,America/Los_Angeles
timezone,15164,America/Los_Angeles
ui.language,13908,english
china_reachable,13984,no
ui.language,13798,english
timezone,15152,America/Los_Angeles
ui.language,14024,english
timezone,15472,America/Chicago
ui.language,13621,english
timezone,14549,America/New_York
ui.language,14201,english
ui.language,14174,english
ui.language,14017,english
ui.language,15425,english
ui.language,14381,english
china_reachable,13578,no
ui.language,13812,english
china_reachable,13824,no
timezone,14615,America/Chicago
ui.language,14006,english
timezone,15315,America/Los_Angeles
china_reachable,13690,no
ui.language,14156,english
ui.language,14074,english
ui.language,15227,english
timezone,15444,America/Chicago
ui.language,13845,english
timezone,14466,America/Los_Angeles
ui.language,13962,english
timezone,15372,America/Los_Angeles
ui.language,15460,english
ui.language,13861,english
timezone,15347,America/Los_Angeles
ui.language,14115,english
ui.language,14582,english
ui.language,15107,english
ui.language,13613,english
ui.language,14094,english
timezone,14242,America/Los_Angeles
ui.language,15424,english
ui.language,13528,english
timezone,14356,America/New_York
ui.language,15063,english
ui.language,14536,english
timezone,15129,America/Los_Angeles
ui.language,15394,english
ui.language,15245,english
china_reachable,13106,no
timezone,13958,America/New_York
ui.language,14443,english
timezone,13751,Europe/London
timezone,14156,America/New_York
timezone,15264,America/Los_Angeles
ui.language,14543,english
ui.language,14001,english
timezone,13970,America/New_York
ui.language,15024,english
timezone,15139,America/Los_Angeles
timezone,14518,Europe/London
timezone,15353,America/Chicago
ui.language,14629,english
ui.language,13843,english
timezone,15102,America/Los_Angeles
ui.language,14015,english
ui.language,13764,english
timezone,13986,America/Chicago
timezone,13728,America/Los_Angeles
timezone,15301,America/Los_Angeles
timezone,15160,America/Los_Angeles
timezone,14358,America/Phoenix
china_reachable,13962,no
ui.language,13961,english
ui.language,14306,english
timezone,15067,America/Los_Angeles
timezone,15387,America/Los_Angeles
ui.language,15428,english
ui.language,14148,english
ui.language,14240,english
ui.language,15251,english
ui.language,15136,english
ui.language,14505,english
ui.language,14016,english
china_reachable,14143,no
ui.language,15288,english
china_reachable,13928,no
timezone,14331,America/New_York
ui.language,14305,english
timezone,14512,America/New_York
ui.language,15377,english
timezone,14988,Asia/Calcutta
timezone,14457,America/Chicago
ui.language,14371,english
timezone,15363,Asia/Kolkata
ui.language,14650,english
ui.language,13790,english
ui.language,15096,english
timezone,13704,America/New_York
screen_recorder_warning_dismiss,13878,1
timezone,15112,America/New_York
ui.language,15143,english
timezone,15318,America/New_York
ui.language,14418,english
ui.language,14534,english
ui.language,15334,english
ui.language,14959,english
ui.language,15483,english
timezone,15361,America/Los_Angeles
ui.language,13774,english
timezone,15425,America/Los_Angeles
ui.language,14453,english
ui.language,15416,english
ui.language,15505,english
china_reachable,13583,no
ui.language,15240,english
timezone,15333,America/Los_Angeles
timezone,15357,America/Los_Angeles
china_reachable,13588,no
china_reachable,14051,no
ui.language,14969,english
timezone,15147,America/Los_Angeles
china_reachable,13816,no
ui.language,14675,english
ui.language,15168,english
timezone,14678,America/Los_Angeles
timezone,14463,America/Chicago
ui.language,15475,english
timezone,15126,America/Los_Angeles
ui.language,13870,english
ui.language,15100,english
ui.language,14494,english
timezone,13669,America/Los_Angeles
timezone,14559,America/Los_Angeles
ui.language,15267,english
ui.language,14509,english
ui.language,13586,english
ui.language,15391,english
ui.language,15355,english
timezone,15225,America/Los_Angeles
ui.language,13826,english
ui.language,13618,english
ui.language,14550,english
ui.language,14622,english
timezone,15520,America/Sao_Paulo
ui.language,14221,english
timezone,14049,America/Los_Angeles
timezone,15360,America/Los_Angeles
timezone,13632,America/New_York
ui.language,13596,english
ui.language,15243,english
ui.language,15534,english
ui.language,14036,english
timezone,15224,America/Los_Angeles
timezone,14268,America/Phoenix
timezone,15059,America/Los_Angeles
china_reachable,13660,no
ui.language,15525,english
timezone,14547,America/Los_Angeles
ui.language,13945,english
ui.language,14322,english
ui.language,14348,english
ui.language,13706,english
ui.language,14991,english
china_reachable,13065,no
timezone,14484,America/Chicago
timezone,15321,America/New_York
screen_recorder_warning_dismiss,14504,1
timezone,13853,America/New_York
ui.language,15109,english
ui.language,14276,english
ui.language,14321,english
ui.language,15456,english
ui.language,14392,english
timezone,15132,America/Chicago
ui.language,15254,english
timezone,15332,America/Los_Angeles
ui.language,13737,english
timezone,13941,America/Los_Angeles
timezone,14553,America/Los_Angeles
timezone,15338,America/Los_Angeles
ui.language,14214,english
ui.language,15099,english
ui.language,14145,english
timezone,14540,America/Los_Angeles
ui.language,15347,english
china_reachable,14123,no
timezone,15063,Europe/London
timezone,14627,America/Los_Angeles
timezone,15302,America/Los_Angeles
timezone,14652,America/Los_Angeles
china_reachable,13716,no
ui.language,14259,english
timezone,15231,America/New_York
ui.language,14979,english
timezone,14201,America/Chicago
timezone,14500,America/Chicago
ui.language,15153,english
timezone,14400,America/Denver
timezone,15306,America/Los_Angeles
ui.language,14257,english
ui.language,14789,english
ui.language,14502,english
timezone,15463,America/Chicago
timezone,14634,America/New_York
timezone,14120,America/Chicago
ui.language,13881,english
timezone,13758,America/Phoenix
china_reachable,13699,no
ui.language,15521,english
ui.language,13730,english
china_reachable,14005,no
ui.language,14272,english
timezone,14084,America/New_York
timezone,15017,Asia/Calcutta
timezone,14572,America/Los_Angeles
ui.language,14063,english
ui.language,14715,english
timezone,15307,America/Los_Angeles
timezone,15138,America/Denver
timezone,15263,America/Los_Angeles
ui.language,15184,english
china_reachable,13612,no
timezone,15217,America/New_York
ui.language,14172,english
china_reachable,13671,no
ui.language,15291,english
ui.language,13727,english
timezone,13784,America/New_York
ui.language,15012,english
ui.language,14767,english
timezone,15168,Asia/Colombo
ui.language,15132,english
ui.language,14421,english
timezone,13830,America/Havana
ui.language,15147,english
ui.language,14641,english
timezone,14544,America/Los_Angeles
timezone,14568,America/Los_Angeles
timezone,15409,America/Chicago
ui.language,13944,english
ui.language,13362,english
ui.language,13970,english
ui.language,14497,english
ui.language,15519,english
ui.language,14738,english
timezone,15461,America/Los_Angeles
timezone,14147,Pacific/Honolulu
timezone,14626,Europe/London
timezone,14314,America/Phoenix
ui.language,15091,english
timezone,14504,America/New_York
ui.language,15366,english
timezone,13851,America/New_York
china_reachable,13848,no
ui.language,13623,english
timezone,13588,America/New_York
timezone,14576,America/Los_Angeles
ui.language,14233,english
ui.language,14143,english
ui.language,14243,english
ui.language,15398,english
ui.language,14119,english
ui.language,14034,english
ui.language,13927,english
timezone,14616,America/Phoenix
china_reachable,14083,no
timezone,14618,America/Los_Angeles
ui.language,13893,english
ui.language,13875,english
ui.language,15093,english
ui.language,14337,english
timezone,14059,America/New_York
ui.language,15050,english
ui.language,14126,english
ui.language,14648,english
ui.language,13709,english
ui.language,13978,english
ui.language,15414,english
ui.language,14410,english
ui.language,15040,english
ui.language,15472,english
ui.language,13700,english
timezone,13715,America/New_York
china_reachable,14115,no
ui.language,13678,english
ui.language,15442,english
timezone,14497,America/New_York
timezone,13928,America/New_York
timezone,15403,America/New_York
timezone,14243,America/Phoenix
timezone,13712,America/Los_Angeles
ui.language,14535,english
timezone,15141,America/Chicago
timezone,15378,America/Los_Angeles
china_reachable,14112,no
ui.language,14125,english
ui.language,15500,english
ui.language,15362,english
ui.language,14054,english
china_reachable,13056,no
timezone,14507,Asia/Dubai
timezone,14279,America/Chicago
china_reachable,14125,no
china_reachable,13744,no
ui.language,14235,english
timezone,14476,America/Phoenix
ui.language,13956,english
ui.language,14146,english
ui.language,14128,english
ui.language,13658,english
ui.language,15427,english
ui.language,14592,english
ui.language,14441,english
timezone,15358,America/Chicago
timezone,15464,America/Los_Angeles
china_reachable,13807,no
timezone,15000,America/Los_Angeles
timezone,15256,America/Los_Angeles
china_reachable,14145,no
ui.language,14007,english
china_reachable,13740,no
ui.language,14084,english
ui.language,13936,english
timezone,13903,America/Chicago
timezone,15436,America/Chicago
china_reachable,14090,no
timezone,15354,America/New_York
timezone,15103,America/Los_Angeles
ui.language,14624,english
ui.language,14503,english
ui.language,14996,english
ui.language,14283,english
ui.language,14019,english
ui.language,15376,english
ui.language,14617,english
timezone,14174,America/Los_Angeles
timezone,15190,America/Los_Angeles
ui.language,14388,english
timezone,13702,America/Chicago
ui.language,15220,english
ui.language,14607,english
ui.language,13819,english
ui.language,14596,english
ui.language,14587,english
china_reachable,14093,no
timezone,14387,America/New_York
timezone,13657,America/Chicago
timezone,15265,America/Los_Angeles
ui.language,14603,english
ui.language,14060,english
timezone,14206,America/New_York
ui.language,14549,english
timezone,15097,America/Los_Angeles
ui.language,15185,english
ui.language,13846,english
timezone,14359,America/Phoenix
ui.language,13731,english
ui.language,15037,english
china_reachable,13943,no
timezone,15435,America/New_York
ui.language,14248,english
china_reachable,13641,no
ui.language,15101,english
ui.language,15023,english
timezone,13889,America/Los_Angeles
ui.language,15052,english
timezone,15111,America/Chicago
ui.language,15165,english
ui.language,14627,english
timezone,14115,America/New_York
ui.language,15463,english
timezone,14407,America/New_York
ui.language,15056,english
china_reachable,13760,no
timezone,14488,America/Chicago
ui.language,14064,english
ui.language,15156,english
ui.language,15028,english
timezone,15516,America/Los_Angeles
ui.language,15276,english
timezone,14587,America/Los_Angeles
ui.language,14400,english
china_reachable,13882,no
ui.language,15222,english
ui.language,13915,english
timezone,14527,America/Los_Angeles
ui.language,14065,english
ui.language,13785,english
china_reachable,13898,no
timezone,14701,America/Denver
ui.language,15257,english
ui.language,14442,english
china_reachable,13829,no
ui.language,14975,english
timezone,14076,America/Los_Angeles
timezone,13907,America/Los_Angeles
timezone,14571,America/Los_Angeles
ui.language,14278,english
ui.language,15469,english
china_reachable,13945,no
timezone,15394,America/Chicago
timezone,15369,America/New_York
timezone,14990,Asia/Calcutta
timezone,15243,America/Los_Angeles
timezone,14700,America/New_York
ui.language,15325,english
ui.language,15467,english
ui.language,15112,english
ui.language,14168,english
ui.language,13648,english
china_reachable,14002,no
ui.language,14046,english
ui.language,14982,english
ui.language,14120,english
ui.language,13898,english
timezone,13938,America/New_York
ui.language,14386,english
ui.language,15274,english
timezone,14565,America/Los_Angeles
timezone,15206,America/Los_Angeles
timezone,13887,America/Phoenix
timezone,15329,America/Los_Angeles
timezone,13953,America/Los_Angeles
timezone,14239,Europe/London
ui.language,14580,english
timezone,14530,America/New_York
timezone,14023,Europe/London
ui.language,13829,english
ui.language,14565,english
timezone,14439,America/New_York
ui.language,13715,english
ui.language,13641,english
timezone,13954,America/New_York
ui.language,14523,english
ui.language,13795,english
ui.language,15435,english
timezone,15108,America/Denver
timezone,14588,America/Los_Angeles
timezone,14503,America/Los_Angeles
china_reachable,13844,no
china_reachable,14124,no
ui.language,14515,english
ui.language,13831,english
ui.language,14213,english
ui.language,14390,english
ui.language,15011,english
ui.language,14413,english
timezone,15244,America/Los_Angeles
ui.language,14112,english
timezone,14437,America/Phoenix
ui.language,13877,english
ui.language,14374,english
ui.language,13998,english
timezone,14315,America/New_York
timezone,14605,America/Los_Angeles
timezone,13949,America/Los_Angeles
timezone,14792,America/Los_Angeles
timezone,14502,America/New_York
ui.language,14597,english
ui.language,15441,english
ui.language,15535,english
ui.language,15173,english
timezone,13868,America/Los_Angeles
ui.language,15451,english
ui.language,13924,english
ui.language,14547,english
ui.language,15480,english
ui.language,14452,english
ui.language,15085,english
timezone,15191,America/New_York
timezone,15366,America/Los_Angeles
timezone,14837,America/Chicago
timezone,14245,America/Los_Angeles
timezone,15270,America/Los_Angeles
ui.language,15058,english
timezone,15214,America/New_York
ui.language,15322,english
ui.language,15470,english
ui.language,13855,english
ui.language,13860,english
timezone,14348,America/New_York
timezone,15207,America/Los_Angeles
ui.language,15289,english
timezone,15066,America/Chicago
ui.language,13848,english
ui.language,15060,english
ui.language,13617,english
ui.language,14081,english
ui.language,14375,english
china_reachable,14120,no
ui.language,15241,english
ui.language,14946,english
timezone,13723,America/Los_Angeles
china_reachable,13634,no
ui.language,15478,english
ui.language,13868,english
ui.language,15411,english
ui.language,14488,english
china_reachable,13689,no
timezone,15517,America/Los_Angeles
china_reachable,13922,no
ui.language,15202,english
timezone,14060,America/Phoenix
ui.language,14353,english
ui.language,15117,english
ui.language,13872,english
timezone,15127,America/Los_Angeles
ui.language,14077,english
ui.language,14955,english
ui.language,13891,english
timezone,14675,America/Los_Angeles
ui.language,13626,english
ui.language,14471,english
timezone,14389,America/Phoenix
china_reachable,13639,no
timezone,14074,America/Los_Angeles
ui.language,14204,english
timezone,13809,America/Los_Angeles
timezone,15328,America/Chicago
timezone,13599,America/Denver
ui.language,15306,english
ui.language,14242,english
ui.language,15434,english
timezone,14697,America/Chicago
timezone,14211,America/Chicago
ui.language,13975,english
timezone,15209,America/Los_Angeles
timezone,15060,America/Chicago
timezone,15218,America/Los_Angeles
timezone,13686,America/Los_Angeles
timezone,15187,America/Los_Angeles
timezone,14493,America/New_York
ui.language,15510,english
timezone,13770,America/Chicago
ui.language,14373,english
china_reachable,13921,no
ui.language,14444,english
timezone,15362,America/Los_Angeles
china_reachable,13668,no
timezone,15149,America/New_York
ui.language,14965,english
ui.language,15333,english
timezone,15223,America/Chicago
ui.language,15017,english
ui.language,14581,english
ui.language,15459,english
timezone,15155,America/Los_Angeles
china_reachable,14070,no
ui.language,13897,english
timezone,15130,Asia/Kolkata
ui.language,15266,english
ui.language,13620,english
ui.language,13816,english
timezone,13883,America/Los_Angeles
ui.language,15508,english
china_reachable,13688,no
timezone,15082,America/Los_Angeles
china_reachable,13872,no
timezone,15431,Asia/Colombo
timezone,15233,America/New_York
ui.language,13762,english
ui.language,15138,english
ui.language,15430,english
timezone,15064,America/New_York
ui.language,15175,english
ui.language,13913,english
china_reachable,13778,no
china_reachable,13804,no
china_reachable,14065,no
ui.language,13640,english
timezone,14623,America/New_York
china_reachable,13637,no
timezone,15269,America/Los_Angeles
ui.language,14634,english
china_reachable,13785,no
ui.language,15492,english
timezone,15454,America/New_York
china_reachable,13730,no
timezone,15286,America/Los_Angeles
ui.language,15039,english
china_reachable,13908,no
timezone,15068,America/Los_Angeles
ui.language,14275,english
ui.language,14663,english
ui.language,15331,english
ui.language,15119,english
ui.language,15176,english
ui.language,15405,english
china_reachable,14084,no
ui.language,13651,english
ui.language,14249,english
ui.language,15214,english
timezone,15441,America/Los_Angeles
ui.language,14539,english
ui.language,13675,english
ui.language,13853,english
timezone,14030,Europe/Zurich
timezone,14078,America/New_York
ui.language,15409,english
ui.language,13928,english
ui.language,15353,english
ui.language,13912,english
ui.language,15025,english
timezone,14558,America/Los_Angeles
timezone,15078,America/Chicago
timezone,14498,America/Los_Angeles
ui.language,13920,english
ui.language,15247,english
timezone,14142,America/Phoenix
ui.language,13887,english
timezone,15084,America/New_York
ui.language,15330,english
ui.language,15080,english
ui.language,14323,english
ui.language,14552,english
timezone,15090,America/New_York
ui.language,15221,english
timezone,14570,America/Los_Angeles
timezone,14608,America/Los_Angeles
ui.language,15388,english
ui.language,15509,english
timezone,13106,America/New_York
ui.language,13757,english
ui.language,13771,english
timezone,14241,America/New_York
timezone,14204,Pacific/Honolulu
timezone,15419,America/Los_Angeles
ui.language,15496,english
ui.language,15161,english
ui.language,13728,english
timezone,14592,America/New_York
ui.language,13931,english
ui.language,13704,english
timezone,14447,America/Chicago
timezone,15221,America/Los_Angeles
ui.language,14347,english
ui.language,15393,english
timezone,15345,America/Los_Angeles
timezone,15477,America/Chicago
ui.language,15382,english
ui.language,14792,english
timezone,15105,America/Los_Angeles
timezone,15053,America/Chicago
ui.language,14477,english
timezone,14148,America/New_York
ui.language,15329,english
ui.language,14463,english
timezone,15279,America/Los_Angeles
china_reachable,14031,no
timezone,15281,America/Los_Angeles
timezone,15087,America/Denver
timezone,13622,America/Chicago
timezone,14621,America/Los_Angeles
china_reachable,13868,no
ui.language,15206,english
ui.language,13645,english
ui.language,14578,english
ui.language,14076,english
ui.language,14457,english
timezone,15238,America/New_York
timezone,15271,America/Chicago
china_reachable,14011,no
timezone,15323,Asia/Kolkata
ui.language,14527,english
ui.language,13969,english
ui.language,13992,english
ui.language,14485,english
ui.language,15351,english
timezone,15341,Pacific/Honolulu
ui.language,15488,english
ui.language,15253,english
ui.language,15079,english
china_reachable,14015,no
ui.language,14435,english
timezone,13975,America/New_York
timezone,13843,America/Los_Angeles
timezone,15352,America/Denver
ui.language,14030,english
ui.language,13712,english
ui.language,14069,english
ui.language,13976,english
ui.language,15352,english
timezone,13829,America/New_York
ui.language,14451,english
ui.language,15438,english
timezone,15392,Europe/London
timezone,13831,America/New_York
ui.language,14068,english
timezone,15415,America/New_York
timezone,14259,America/New_York
ui.language,14423,english
ui.language,14385,english
ui.language,13830,english
ui.language,14048,english
ui.language,15320,english
ui.language,14732,english
ui.language,15286,english
ui.language,15281,english
ui.language,15413,english
timezone,13967,America/New_York
timezone,14128,America/New_York
ui.language,14247,english
timezone,14580,America/Los_Angeles
ui.language,15426,english
ui.language,15462,english
timezone,14020,Europe/London
ui.language,13937,english
timezone,14983,Asia/Calcutta
ui.language,14609,english
ui.language,15290,english
timezone,14646,America/New_York
timezone,14034,Europe/London
timezone,14377,Europe/London
timezone,15310,America/Los_Angeles
china_reachable,13911,no
timezone,15514,America/Los_Angeles
timezone,14651,America/New_York
china_reachable,13861,no
ui.language,13974,english
ui.language,13634,english
ui.language,15375,english
china_reachable,14006,no
timezone,15250,America/New_York
ui.language,15392,english
ui.language,14674,english
timezone,14449,Europe/London
timezone,15198,America/New_York
ui.language,15121,english
ui.language,14082,english
timezone,14575,America/Los_Angeles
timezone,14542,America/Los_Angeles
ui.language,15065,english
ui.language,15152,english
ui.language,13808,english
timezone,15325,America/Chicago
ui.language,15295,english
timezone,15237,America/Los_Angeles
ui.language,13805,english
timezone,13637,America/Chicago
timezone,15445,America/Chicago
timezone,13618,America/New_York
ui.language,14205,english
timezone,15166,America/Los_Angeles
ui.language,13852,english
ui.language,13652,english
timezone,15093,America/Chicago
ui.language,15449,english
ui.language,13906,english
ui.language,14964,english
ui.language,14676,english
china_reachable,13839,no
ui.language,14215,english
timezone,14119,America/New_York
ui.language,15318,english
ui.language,14504,english
ui.language,15285,english
ui.language,14403,english
ui.language,15046,english
timezone,13617,America/Los_Angeles
ui.language,14271,english
timezone,15322,America/New_York
ui.language,14460,english
ui.language,14632,english
timezone,14552,America/Los_Angeles
timezone,14584,America/Los_Angeles
ui.language,14003,english
ui.language,14220,english
ui.language,14057,english
china_reachable,14061,no
ui.language,13788,english
ui.language,15021,english
timezone,14240,America/Chicago
timezone,15470,America/New_York
timezone,14971,America/Los_Angeles
timezone,15232,America/Chicago
timezone,15406,America/Chicago
timezone,15518,America/Los_Angeles
china_reachable,13893,no
ui.language,14510,english
timezone,15267,America/Los_Angeles
ui.language,13698,english
ui.language,15084,english
china_reachable,14047,no
ui.language,13729,english
ui.language,13603,english
ui.language,14753,english
ui.language,14544,english
timezone,13899,America/Los_Angeles
timezone,15163,America/Los_Angeles
timezone,14475,America/Chicago
ui.language,13647,english
timezone,13685,America/Los_Angeles
ui.language,14330,english
ui.language,15273,english
ui.language,13827,english
timezone,15201,America/New_York
ui.language,13942,english
ui.language,13851,english
china_reachable,14138,no
ui.language,13941,english
ui.language,15502,english
ui.language,13922,english
china_reachable,13876,no
ui.language,14437,english
timezone,14644,Europe/London
timezone,14674,America/Los_Angeles
timezone,13805,America/New_York
ui.language,15457,english
timezone,15054,America/Los_Angeles
ui.language,15169,english
ui.language,14787,english
ui.language,14981,english
ui.language,14673,english
ui.language,15006,english
timezone,15146,America/Los_Angeles
timezone,14077,America/Chicago
ui.language,14364,english
ui.language,15171,english
timezone,14581,America/Los_Angeles
ui.language,13987,english
ui.language,14138,english
china_reachable,14025,no
ui.language,15448,english
ui.language,15515,english
timezone,15047,America/Los_Angeles
timezone,13614,America/New_York
timezone,14789,America/Chicago
timezone,15120,Europe/London
ui.language,15232,english
timezone,14369,America/Los_Angeles
ui.language,15053,english
timezone,14573,America/Los_Angeles
timezone,15346,America/Los_Angeles
timezone,15137,Europe/London
ui.language,15511,english
ui.language,14994,english
ui.language,15395,english
timezone,15452,America/New_York
timezone,15402,America/New_York
ui.language,15494,english
ui.language,15429,english
china_reachable,14140,no
timezone,13689,America/New_York
timezone,15055,America/Los_Angeles
timezone,13995,America/Los_Angeles
ui.language,15533,english
ui.language,13902,english
china_reachable,14141,no
ui.language,14647,english
ui.language,13999,english
timezone,13681,America/New_York
timezone,14508,America/Chicago
ui.language,14397,english
timezone,15442,America/Los_Angeles
ui.language,15157,english
timezone,15471,America/Los_Angeles
ui.language,14530,english
timezone,14625,America/Denver
ui.language,15223,english
timezone,15144,America/Chicago
china_reachable,13946,no
timezone,14539,America/Los_Angeles
timezone,15019,Asia/Calcutta
ui.language,14762,english
china_reachable,13937,no
timezone,13733,America/New_York
ui.language,14514,english
ui.language,13971,english
timezone,15446,America/New_York
timezone,15474,America/Los_Angeles
ui.language,15252,english
timezone,15222,America/Chicago
timezone,15107,America/Los_Angeles
ui.language,14091,english
ui.language,15001,english
ui.language,14078,english
ui.language,15130,english
china_reachable,13932,no
ui.language,14967,english
timezone,14431,America/Phoenix
timezone,15337,America/Los_Angeles
ui.language,14625,english
timezone,15131,America/Los_Angeles
china_reachable,14116,no
timezone,14579,America/Los_Angeles
timezone,13839,America/New_York
china_reachable,14086,no
timezone,15119,America/Chicago
timezone,13789,America/New_York
ui.language,15479,english
china_reachable,13023,no
ui.language,13607,english
ui.language,15047,english
ui.language,15154,english
ui.language,14073,english
ui.language,15129,english
ui.language,15419,english
ui.language,13690,english
timezone,15426,America/New_York
ui.language,15471,english
ui.language,14211,english
china_reachable,14087,no
timezone,15290,America/New_York
ui.language,13660,english
timezone,15088,America/New_York
ui.language,15166,english
timezone,15044,America/Los_Angeles
china_reachable,14088,no
china_reachable,13985,no
timezone,15453,America/Denver
ui.language,13979,english
ui.language,14039,english
ui.language,15282,english
ui.language,15386,english
ui.language,13656,english
china_reachable,13886,no
ui.language,13361,english
ui.language,14070,english
ui.language,14412,english
timezone,14108,Europe/London
ui.language,15364,english
ui.language,15019,english
ui.language,15490,english
ui.language,14080,english
ui.language,13889,english
timezone,15314,America/Chicago
ui.language,14428,english
ui.language,14829,english
china_reachable,13952,no
timezone,15389,America/Los_Angeles
ui.language,14354,english
ui.language,14167,english
ui.language,14529,english
china_reachable,14059,no
china_reachable,14049,no
ui.language,14943,english
ui.language,14430,english
ui.language,14218,english
china_reachable,13944,no
ui.language,15125,english
ui.language,13056,english
ui.language,15343,english
ui.language,14071,english
ui.language,14000,english
ui.language,13726,english
timezone,14986,Asia/Calcutta
ui.language,15078,english
timezone,15375,America/Los_Angeles
ui.language,14061,english
ui.language,15518,english
ui.language,15439,english
screen_recorder_warning_dismiss,13819,1
ui.language,14202,english
ui.language,15350,english
ui.language,15122,english
ui.language,14756,english
china_reachable,13767,no
ui.language,15041,english
ui.language,15235,english
timezone,13787,America/Los_Angeles
ui.language,13758,english
timezone,13858,America/Los_Angeles
ui.language,13761,english
timezone,13992,America/New_York
timezone,15177,America/Los_Angeles
ui.language,14072,english
ui.language,13955,english
timezone,14550,America/Los_Angeles
ui.language,15187,english
china_reachable,13685,no
timezone,14014,Europe/London
timezone,14591,America/Chicago
timezone,13864,America/New_York
ui.language,15473,english
timezone,15434,America/Los_Angeles
ui.language,15452,english
ui.language,13696,english
ui.language,14304,english
ui.language,15520,english
ui.language,15297,english
ui.language,13703,english
ui.language,14358,english
ui.language,14448,english
ui.language,15410,english
ui.language,13717,english
ui.language,15461,english
timezone,13912,America/Los_Angeles
ui.language,15075,english
ui.language,13692,english
ui.language,15495,english
timezone,13936,America/New_York
timezone,13691,America/Los_Angeles
ui.language,13699,english
china_reachable,13027,no
timezone,13707,America/Los_Angeles
china_reachable,13638,no
ui.language,15192,english
ui.language,14746,english
china_reachable,13632,no
ui.language,13899,english
timezone,15282,America/New_York
timezone,15443,America/Chicago
ui.language,14960,english
ui.language,15067,english
china_reachable,13653,no
china_reachable,14030,no
timezone,14578,America/Los_Angeles
ui.language,14579,english
ui.language,15354,english
ui.language,14475,english
ui.language,13948,english
ui.language,14646,english
ui.language,15337,english
ui.language,13684,english
timezone,15257,America/Los_Angeles
ui.language,15359,english
timezone,15117,America/New_York
ui.language,14313,english
china_reachable,14044,no
timezone,15121,America/Denver
ui.language,15201,english
ui.language,14427,english
ui.language,15357,english
ui.language,13957,english
timezone,15148,America/Chicago
ui.language,13637,english
ui.language,14600,english
timezone,14032,Europe/London
timezone,13024,America/New_York
ui.language,15327,english
ui.language,14135,english
ui.language,14114,english
ui.language,14949,english
china_reachable,14007,no
timezone,14402,America/New_York
ui.language,14671,english
china_reachable,13714,no
ui.language,14378,english
timezone,15399,Asia/Colombo
ui.language,15094,english
ui.language,13863,english
ui.language,15183,english
china_reachable,13775,no
ui.language,13952,english
ui.language,15340,english
timezone,14432,America/Phoenix
timezone,14379,America/Los_Angeles
china_reachable,14128,no
ui.language,15476,english
ui.language,14447,english
ui.language,15086,english
ui.language,14481,english
timezone,13963,America/Los_Angeles
timezone,14129,America/Los_Angeles
timezone,15412,America/Chicago
timezone,14564,America/Los_Angeles
ui.language,14506,english
china_reachable,14107,no
timezone,15381,America/Chicago
ui.language,13995,english
ui.language,14055,english
ui.language,14602,english
ui.language,14610,english
ui.language,14044,english
timezone,15320,America/Los_Angeles
ui.language,14258,english
timezone,13661,America/New_York
timezone,14269,Europe/London
ui.language,13886,english
timezone,14593,America/Los_Angeles
timezone,15380,America/Los_Angeles
ui.language,15489,english
ui.language,13602,english
china_reachable,13620,no
china_reachable,13642,no
timezone,15158,America/Los_Angeles
ui.language,13786,english
china_reachable,13855,no
timezone,14111,America/Los_Angeles
ui.language,15219,english
china_reachable,13741,no
timezone,15475,America/New_York
ui.language,14134,english
timezone,14489,America/Los_Angeles
timezone,14202,America/New_York
china_reachable,13827,no
ui.language,14351,english
ui.language,14335,english
ui.language,15368,english
timezone,15324,America/Chicago
china_reachable,14043,no
china_reachable,14003,no
ui.language,14586,english
ui.language,14223,english
ui.language,15217,english
timezone,13735,America/Chicago
timezone,15174,America/Los_Angeles
ui.language,14355,english
ui.language,15418,english
timezone,14630,America/Los_Angeles
ui.language,13754,english
ui.language,14621,english
china_reachable,14089,no
ui.language,15026,english
ui.language,15149,english
ui.language,15225,english
ui.language,14093,english
timezone,13790,America/Los_Angeles
ui.language,15443,english
china_reachable,13997,no
ui.language,14254,english
ui.language,15102,english
china_reachable,13762,no
timezone,13900,America/New_York
timezone,15011,Asia/Calcutta
ui.language,14426,english
ui.language,15293,english
ui.language,15450,english
china_reachable,13968,no
ui.language,15307,english
ui.language,15275,english
timezone,15074,America/Los_Angeles
timezone,15417,America/Los_Angeles
timezone,14375,America/Los_Angeles
ui.language,15158,english
timezone,15519,America/Los_Angeles
ui.language,15195,english
ui.language,13693,english
ui.language,15189,english
ui.language,14362,english
timezone,13755,America/Los_Angeles
timezone,15086,America/New_York
timezone,14590,America/Los_Angeles
ui.language,15069,english
timezone,15261,America/Los_Angeles
timezone,13658,America/Los_Angeles
timezone,15512,Asia/Colombo
ui.language,15506,english
timezone,14633,America/Los_Angeles
ui.language,15516,english
ui.language,13676,english
ui.language,14244,english
ui.language,14541,english
timezone,13732,America/New_York
timezone,15291,America/Los_Angeles
timezone,13663,America/Los_Angeles
timezone,14328,America/Los_Angeles
ui.language,15335,english
ui.language,14993,english
ui.language,15407,english
ui.language,15066,english
timezone,14093,America/Chicago
ui.language,13646,english
timezone,15056,America/Los_Angeles
timezone,15252,America/Los_Angeles
china_reachable,13684,no
timezone,14454,America/Denver
ui.language,13610,english
ui.language,14170,english
ui.language,14011,english
ui.language,13680,english
timezone,14551,America/Los_Angeles
ui.language,15484,english
ui.language,14518,english
ui.language,13106,english
timezone,15465,America/New_York
ui.language,15292,english
ui.language,13907,english
timezone,15167,Asia/Colombo
ui.language,14037,english
timezone,15536,America/New_York
ui.language,13632,english
timezone,15049,America/Los_Angeles
ui.language,13738,english
ui.language,15300,english
ui.language,14010,english
ui.language,13966,english
timezone,14647,America/Los_Angeles
ui.language,15417,english
timezone,13717,America/Los_Angeles
ui.language,13824,english
ui.language,13654,english
ui.language,15133,english
ui.language,15177,english
ui.language,15097,english
ui.language,14334,english
ui.language,14986,english
ui.language,14092,english
ui.language,14090,english
timezone,13609,America/Los_Angeles
ui.language,14568,english
ui.language,13988,english
ui.language,15020,english
ui.language,14124,english
timezone,15370,America/Los_Angeles
ui.language,14697,english
ui.language,15477,english
ui.language,13809,english
ui.language,15265,english
ui.language,13721,english
china_reachable,13809,no
ui.language,15203,english
ui.language,15073,english
ui.language,14631,english
china_reachable,13589,no
ui.language,15092,english
ui.language,13711,english
timezone,14997,Asia/Calcutta
china_reachable,14069,no
timezone,15395,Asia/Colombo
timezone,15355,America/New_York
ui.language,15363,english
ui.language,14496,english
ui.language,14532,english
china_reachable,13892,no
timezone,15083,America/Los_Angeles
ui.language,13691,english
china_reachable,14129,no
timezone,15391,America/Los_Angeles
ui.language,15159,english
ui.language,13732,english
ui.language,14282,english
timezone,14418,America/New_York
timezone,15521,America/Los_Angeles
timezone,14233,America/New_York
ui.language,14144,english
ui.language,15049,english
ui.language,14951,english
ui.language,14255,english
timezone,14582,Europe/Warsaw
ui.language,15083,english
timezone,15469,America/New_York
ui.language,15248,english
ui.language,15396,english
ui.language,14630,english
ui.language,15015,english
timezone,15140,America/Los_Angeles
ui.language,13609,english
ui.language,13614,english
timezone,13729,America/Los_Angeles
timezone,14522,America/Los_Angeles
ui.language,15087,english
ui.language,14339,english
ui.language,14315,english
ui.language,15030,english
ui.language,15279,english
timezone,15438,America/Los_Angeles
ui.language,14613,english
timezone,14609,America/Los_Angeles
ui.language,15277,english
ui.language,13755,english
timezone,13870,America/New_York
timezone,15449,America/Los_Angeles
ui.language,13671,english
ui.language,13896,english
timezone,15455,America/Chicago
ui.language,14575,english
timezone,14221,America/Denver
ui.language,13689,english
timezone,14410,America/New_York
ui.language,13027,english
ui.language,15218,english
ui.language,14349,english
ui.language,13789,english
ui.language,14345,english
ui.language,13749,english
timezone,13700,America/Los_Angeles
timezone,15204,America/Los_Angeles
timezone,15157,America/Los_Angeles
ui.language,15188,english
timezone,15473,America/New_York
timezone,15216,America/Los_Angeles
timezone,14134,Europe/London
ui.language,15447,english
timezone,14443,Europe/London
ui.language,13664,english
ui.language,14328,english
ui.language,15512,english
timezone,15420,America/Los_Angeles
ui.language,15287,english
timezone,15070,America/New_York
ui.language,14181,english
timezone,14479,America/Los_Angeles
ui.language,15231,english
china_reachable,14010,no
china_reachable,13715,no
ui.language,15531,english
timezone,15188,America/Los_Angeles
china_reachable,13743,no
timezone,14033,Atlantic/Canary
timezone,13823,America/New_York
timezone,15099,Europe/London
china_reachable,13664,no
timezone,14408,America/Los_Angeles
timezone,14487,America/Los_Angeles
timezone,15100,America/Los_Angeles
china_reachable,13883,no
timezone,15142,America/Chicago
ui.language,13776,english
timezone,15485,America/Chicago
ui.language,15077,english
china_reachable,13863,no
ui.language,14589,english
timezone,15379,America/Los_Angeles
timezone,15422,America/New_York
ui.language,14317,english
ui.language,15315,english
china_reachable,13992,no
china_reachable,13591,no
timezone,13847,America/New_York
ui.language,13741,english
ui.language,15082,english
ui.language,13949,english
timezone,15116,America/Los_Angeles
ui.language,15380,english
timezone,14560,America/Los_Angeles
ui.language,14556,english
ui.language,14584,english
ui.language,14043,english
ui.language,14769,english
ui.language,13925,english
ui.language,14465,english
ui.language,13685,english
china_reachable,13745,no
ui.language,13653,english
ui.language,14308,english
ui.language,14239,english
timezone,15283,America/Los_Angeles
timezone,14395,Europe/London
timezone,15371,America/Los_Angeles
china_reachable,13645,no
timezone,14747,America/Chicago
timezone,15220,America/Los_Angeles
ui.language,15213,english
ui.language,14360,english
ui.language,14318,english
timezone,15284,America/Los_Angeles
ui.language,14108,english
china_reachable,13846,no
ui.language,13612,english
ui.language,15482,english
ui.language,13673,english
timezone,15075,America/Los_Angeles
ui.language,14139,english
ui.language,13629,english
ui.language,13990,english
timezone,14672,America/Los_Angeles
timezone,15430,America/Los_Angeles
ui.language,14252,english
ui.language,15246,english
timezone,14427,America/Los_Angeles
timezone,14029,Europe/Zurich
ui.language,14045,english
ui.language,15208,english
ui.language,15301,english
china_reachable,13747,no
timezone,15027,Asia/Calcutta
china_reachable,13604,no
ui.language,13661,english
ui.language,13854,english
ui.language,15369,english
ui.language,13722,english
ui.language,15387,english
timezone,15274,America/Los_Angeles
ui.language,14408,english
ui.language,14472,english
timezone,13684,America/Los_Angeles
timezone,15300,America/Los_Angeles
ui.language,14542,english
ui.language,15137,english
ui.language,15373,english
china_reachable,13976,no
ui.language,13714,english
timezone,14218,America/Los_Angeles
timezone,15303,America/Los_Angeles
ui.language,14331,english
ui.language,15140,english
ui.language,14203,english
ui.language,14325,english
timezone,15096,America/Los_Angeles
ui.language,15365,english
timezone,14373,America/Los_Angeles
ui.language,15445,english
ui.language,13736,english
timezone,15080,Europe/London
ui.language,15068,english
ui.language,15348,english
ui.language,15507,english
ui.language,15284,english
ui.language,13828,english
timezone,14631,America/New_York
ui.language,15061,english
ui.language,15370,english
ui.language,15384,english
timezone,13845,America/New_York
ui.language,13674,english
timezone,14756,America/Chicago
ui.language,14440,english
ui.language,14049,english
ui.language,14433,english
ui.language,14992,english
ui.language,15127,english
ui.language,14526,english
timezone,15393,America/New_York
ui.language,15199,english
ui.language,14270,english
timezone,15085,America/Los_Angeles
ui.language,14389,english
timezone,14525,Europe/London
ui.language,14546,english
timezone,15133,America/Chicago
ui.language,14804,english
timezone,15437,America/Los_Angeles
ui.language,13890,english
ui.language,14517,english
ui.language,14990,english
ui.language,13657,english
ui.language,14971,english
ui.language,14380,english
ui.language,15207,english
ui.language,14761,english
timezone,14510,America/Los_Angeles
ui.language,15402,english
ui.language,15280,english
ui.language,13871,english
ui.language,14484,english
ui.language,13991,english
ui.language,13668,english
timezone,15383,America/New_York
ui.language,15054,english
timezone,14461,America/Denver
ui.language,13882,english
timezone,14499,America/Los_Angeles
timezone,14335,America/New_York
ui.language,14637,english
ui.language,13862,english
ui.language,13759,english
timezone,14603,America/Los_Angeles
timezone,15113,America/Los_Angeles
ui.language,13065,english
ui.language,14002,english
ui.language,14450,english
ui.language,14566,english
ui.language,15294,english
ui.language,15110,english
ui.language,13901,english
ui.language,15360,english
timezone,15046,America/New_York
ui.language,14537,english
timezone,15179,America/Los_Angeles
ui.language,15529,english
ui.language,15528,english
timezone,14583,America/Los_Angeles
timezone,14004,America/New_York
ui.language,14988,english
timezone,15145,America/Los_Angeles
china_reachable,13958,no
ui.language,14123,english
ui.language,15036,english
ui.language,14950,english
timezone,13361,America/New_York
ui.language,15319,english
timezone,14506,America/Denver
timezone,14753,America/Los_Angeles
ui.language,14545,english
china_reachable,13875,no
timezone,15094,Europe/London
ui.language,13967,english
ui.language,14985,english
timezone,14648,Europe/London
timezone,15095,America/New_York
timezone,15423,America/New_York
timezone,14622,America/Los_Angeles
timezone,15118,America/Los_Angeles
ui.language,14149,english
ui.language,14018,english
timezone,15219,America/Los_Angeles
ui.language,15501,english
ui.language,13752,english
ui.language,15356,english
ui.language,15145,english
ui.language,15358,english
ui.language,14989,english
ui.language,15142,english
ui.language,14618,english
timezone,15134,America/Los_Angeles
ui.language,13904,english
timezone,14599,America/Los_Angeles
ui.language,15236,english
ui.language,14970,english
ui.language,13600,english
timezone,14442,America/Chicago
timezone,15077,America/Chicago
china_reachable,13913,no
china_reachable,14114,no
china_reachable,14062,no
china_reachable,13771,no
timezone,14555,America/Los_Angeles
ui.language,15524,english
timezone,15062,America/New_York
ui.language,13743,english
timezone,15424,America/Los_Angeles
timezone,13955,America/New_York
ui.language,14783,english
ui.language,14516,english
timezone,15288,America/Los_Angeles
timezone,14632,America/Chicago
timezone,15210,America/Los_Angeles
timezone,13940,America/Phoenix
ui.language,14409,english
timezone,14482,America/Phoenix
ui.language,14140,english
ui.language,15466,english
china_reachable,13803,no
ui.language,15423,english
timezone,14322,America/New_York
ui.language,14365,english
china_reachable,13636,no
ui.language,14997,english
ui.language,13985,english
ui.language,14075,english
timezone,15511,America/Los_Angeles
timezone,13764,America/Chicago
ui.language,14638,english
ui.language,14620,english
timezone,15487,America/Chicago
ui.language,14445,spanish
timezone,15390,America/New_York
ui.language,13767,english
ui.language,14105,english
china_reachable,14111,no
china_reachable,13884,no
ui.language,14593,english
timezone,15154,America/Los_Angeles
timezone,13611,America/Los_Angeles
china_reachable,13692,no
ui.language,14314,english
ui.language,14522,english
ui.language,15263,english
ui.language,14555,english
ui.language,13644,english
ui.language,13832,english
ui.language,15000,english
ui.language,14456,english
timezone,15135,America/Chicago
ui.language,13707,english
ui.language,14968,english
china_reachable,13912,no
ui.language,14179,english
timezone,15292,America/Denver
ui.language,15162,english
china_reachable,13801,no
ui.language,13880,english
ui.language,15314,english
ui.language,15123,english
china_reachable,14082,no
china_reachable,13948,no
timezone,14536,America/Los_Angeles
ui.language,15332,english
china_reachable,13820,no
ui.language,15113,english
ui.language,13702,english
ui.language,14309,english
ui.language,14132,english
ui.language,14085,english
ui.language,15205,english
timezone,15230,America/Chicago
ui.language,15008,english
timezone,13859,America/Los_Angeles
ui.language,15503,english
timezone,15414,America/Chicago
china_reachable,13111,no
ui.language,15444,english
ui.language,15486,english
ui.language,13878,english
timezone,15295,America/Los_Angeles
ui.language,13650,english
ui.language,14327,english
timezone,14462,America/New_York
timezone,15421,Europe/London
timezone,15181,America/Los_Angeles
ui.language,14142,english
ui.language,15116,english
timezone,14039,Europe/London
ui.language,15003,english
timezone,15061,America/Los_Angeles
timezone,15266,America/Los_Angeles
ui.language,14588,english
timezone,14459,America/New_York
ui.language,14469,english
ui.language,13666,english
ui.language,13719,english
ui.language,14512,english
ui.language,14567,english
timezone,15091,America/New_York
timezone,14613,Europe/London
ui.language,14701,english
timezone,15386,America/Chicago
ui.language,15321,english
ui.language,15074,english
ui.language,15381,english
ui.language,14393,english
timezone,15051,America/Chicago
timezone,15287,America/Chicago
ui.language,14524,english
china_reachable,14004,no
ui.language,15349,english
timezone,14445,America/Chicago
china_reachable,14055,no
ui.language,14493,english
ui.language,15160,english
timezone,15416,America/Chicago
ui.language,13589,english
china_reachable,13955,no
timezone,15388,America/Los_Angeles
timezone,14636,America/Chicago
china_reachable,13732,no
ui.language,15338,english
timezone,15427,America/Chicago
ui.language,13751,english
timezone,14638,America/Denver
ui.language,14976,english
ui.language,14111,english
ui.language,14022,english
timezone,15236,America/New_York
timezone,13778,America/Phoenix
ui.language,13873,english
timezone,13362,America/Los_Angeles
timezone,15382,America/Chicago
china_reachable,13362,no
timezone,13846,America/Los_Angeles
ui.language,15422,english
ui.language,14462,english
timezone,15253,America/Los_Angeles
ui.language,14379,english
ui.language,14206,english
timezone,15285,America/Atikokan
ui.language,13778,english
china_reachable,14105,no
ui.language,15167,english
ui.language,14029,english
timezone,15106,Europe/London
ui.language,14590,english
ui.language,13760,english
timezone,15161,America/Los_Angeles
timezone,15156,America/New_York
ui.language,15415,english
timezone,14574,America/Los_Angeles
ui.language,13835,english
ui.language,14730,english
timezone,15035,Asia/Calcutta
ui.language,13950,english
ui.language,14531,english
ui.language,14336,english
ui.language,13980,english
timezone,15376,America/Los_Angeles
timezone,15262,America/Los_Angeles
timezone,15401,America/New_York
ui.language,14382,english
china_reachable,14072,no
ui.language,15336,english
ui.language,14338,english
ui.language,13627,english
timezone,15335,Europe/London
ui.language,15258,english
ui.language,14525,english
ui.language,13791,english
timezone,13762,America/Chicago
china_reachable,13859,no
ui.language,15042,english
timezone,14639,America/Los_Angeles
timezone,15258,America/Los_Angeles
timezone,15255,America/New_York
ui.language,14005,english
timezone,13627,America/Los_Angeles
ui.language,14175,english
ui.language,15403,english
ui.language,13705,english
ui.language,15339,english
china_reachable,13815,no
ui.language,15144,english
timezone,14505,America/New_York
ui.language,14141,english
china_reachable,13961,no
ui.language,15250,english
ui.language,15095,english
timezone,14650,America/New_York
timezone,15276,America/Los_Angeles
ui.language,15038,english
timezone,14509,America/New_York
china_reachable,13805,no
ui.language,13670,english
timezone,14336,America/Los_Angeles
china_reachable,13755,no
timezone,14453,America/Denver
timezone,15199,America/Los_Angeles
timezone,15396,Asia/Colombo
ui.language,15536,english
ui.language,13688,english
ui.language,14058,english
ui.language,14513,english
ui.language,15076,english
ui.language,15372,english
ui.language,13989,english
ui.language,15032,english
timezone,14474,America/New_York
ui.language,14977,english
ui.language,14133,english
timezone,15245,America/Los_Angeles
ui.language,15088,english
timezone,15104,America/Los_Angeles
timezone,14036,Europe/London
ui.language,14439,english
timezone,15278,America/Los_Angeles
timezone,14252,America/Chicago
screen_recorder_warning_dismiss,13915,1
ui.language,13919,english
ui.language,14116,english
ui.language,13947,english
ui.language,13813,english
ui.language,13965,english
timezone,14577,America/Los_Angeles
timezone,13726,America/Los_Angeles
ui.language,15108,english
china_reachable,14092,no
china_reachable,13599,no
timezone,15069,America/New_York
ui.language,14340,english
ui.language,13611,english
ui.language,15059,english
ui.language,14129,english
ui.language,14226,english
ui.language,13777,english
ui.language,13996,english
ui.language,13708,english
ui.language,14468,english
timezone,13705,America/Los_Angeles
ui.language,13879,english
ui.language,14307,english
ui.language,15081,english
ui.language,14086,english
timezone,14412,America/Chicago
timezone,15175,America/Denver
ui.language,14316,english
china_reachable,14046,no
ui.language,14577,english
ui.language,13779,english
timezone,15248,America/Los_Angeles
ui.language,13834,english
timezone,14614,America/Chicago
timezone,15317,America/Los_Angeles
ui.language,14169,english
timezone,14594,America/Chicago
ui.language,14431,english
timezone,13708,America/Los_Angeles
timezone,14554,America/Los_Angeles
timezone,14567,America/Los_Angeles
ui.language,15062,english
timezone,14073,America/Los_Angeles
ui.language,14983,english
ui.language,14652,english
ui.language,13683,english
timezone,14306,America/Chicago
timezone,14556,America/Los_Angeles
ui.language,14401,english
ui.language,13940,english
ui.language,15216,english
ui.language,14482,english
timezone,15404,America/Los_Angeles
timezone,13779,America/Phoenix
ui.language,15453,english
timezone,15429,America/Sao_Paulo
china_reachable,13682,no
timezone,14016,Europe/London
ui.language,14569,english
timezone,14276,America/Los_Angeles
timezone,15172,America/Los_Angeles
ui.language,14268,english
china_reachable,13957,no
timezone,15336,America/Los_Angeles
ui.language,14557,english
ui.language,14357,english
timezone,15462,America/Los_Angeles
timezone,15032,America/Los_Angeles
timezone,13739,America/Chicago
ui.language,15182,english
timezone,13804,America/Los_Angeles
ui.language,15532,english
timezone,15182,America/New_York
ui.language,14626,english
ui.language,14372,english
timezone,15377,America/Chicago
ui.language,13839,english
china_reachable,14094,no
ui.language,14642,english
ui.language,13959,english
timezone,13867,America/New_York
timezone,15162,America/Chicago
ui.language,14594,english
ui.language,15051,english
timezone,14254,America/New_York
timezone,14677,America/Phoenix
ui.language,13765,english
ui.language,14725,english
timezone,15079,America/Chicago
timezone,13596,America/Los_Angeles
ui.language,15055,english
timezone,15159,America/Los_Angeles
ui.language,14519,english
ui.language,14476,english
china_reachable,13942,no
timezone,13640,America/Los_Angeles
china_reachable,14146,no
ui.language,15527,english
timezone,14513,America/Phoenix
ui.language,15105,english
timezone,13817,America/Los_Angeles
ui.language,14260,english
ui.language,13780,english
china_reachable,14000,no
ui.language,13784,english
ui.language,14279,english
ui.language,15204,english
timezone,14596,America/Los_Angeles
ui.language,14083,english
timezone,15440,America/Los_Angeles
ui.language,15431,english
timezone,13968,America/Los_Angeles
timezone,15331,Asia/Colombo
timezone,14477,America/New_York
timezone,14526,America/New_York
ui.language,15299,english
ui.language,14025,english
ui.language,14369,english
timezone,14531,America/Los_Angeles
ui.language,15163,english
china_reachable,13979,no
china_reachable,14018,no
timezone,14339,America/Phoenix
ui.language,13746,english
ui.language,14560,english
timezone,15368,America/New_York
china_reachable,13737,no
ui.language,14346,english
ui.language,14548,english
timezone,13713,America/New_York
timezone,14746,America/Chicago
ui.language,14489,english
timezone,14496,America/Los_Angeles
timezone,15296,America/Los_Angeles
timezone,14537,America/Los_Angeles
china_reachable,13713,no
ui.language,15517,english
timezone,15413,America/Chicago
timezone,15125,America/Los_Angeles
timezone,15348,America/Los_Angeles
china_reachable,13693,no
timezone,15356,America/Chicago
ui.language,15035,english
ui.language,13723,english
ui.language,14747,english
ui.language,13903,english
ui.language,15135,english
ui.language,14361,english
timezone,15299,America/Los_Angeles
ui.language,15262,english
ui.language,14483,english
ui.language,15244,english
ui.language,14551,english
ui.language,15193,english
ui.language,13804,english
ui.language,15264,english
ui.language,14329,english
timezone,15268,America/Los_Angeles
ui.language,14571,english
ui.language,13993,english
timezone,15272,America/Los_Angeles
timezone,14017,Europe/London
ui.language,15493,english
ui.language,14180,english
timezone,15364,America/Chicago
ui.language,13984,english
timezone,13965,America/Los_Angeles
timezone,15239,America/Los_Angeles
timezone,15246,America/Los_Angeles
ui.language,14776,english
ui.language,13869,english
timezone,14767,America/Chicago
china_reachable,13851,no
ui.language,14411,english
ui.language,15346,english
timezone,13697,America/Los_Angeles
ui.language,13739,english
ui.language,14253,english
ui.language,13923,english
ui.language,15361,english
ui.language,14459,english
timezone,15330,America/Sao_Paulo
timezone,15476,America/Chicago
china_reachable,13808,no
ui.language,14241,english
timezone,14561,America/Los_Angeles
ui.language,14009,english
ui.language,14479,english
ui.language,14267,english
timezone,14563,America/Los_Angeles
ui.language,14601,english
ui.language,14387,english
timezone,15109,America/Los_Angeles
timezone,15373,America/Los_Angeles
timezone,13857,America/Los_Angeles
timezone,14533,America/Los_Angeles
timezone,14363,America/New_York
timezone,15242,America/Los_Angeles
timezone,15050,America/Los_Angeles
ui.language,15345,english
ui.language,15485,english
ui.language,14954,english
ui.language,15487,english
ui.language,13578,english
ui.language,13763,english
ui.language,15034,english
timezone,14548,America/Los_Angeles
ui.language,13864,english
ui.language,15278,english
china_reachable,13978,no
ui.language,14147,english
timezone,14398,America/New_York
ui.language,13883,english
ui.language,14384,english
ui.language,13968,english
ui.language,14416,english
china_reachable,13752,no
timezone,14316,America/Chicago
ui.language,13986,english
timezone,13961,America/New_York
timezone,14126,America/Los_Angeles
timezone,15349,Asia/Colombo
ui.language,14117,english
timezone,15212,America/Los_Angeles
ui.language,14424,english
ui.language,13770,english
timezone,14212,America/New_York
ui.language,13735,english
ui.language,14466,english
china_reachable,14139,no
timezone,15072,America/Los_Angeles
ui.language,15174,english
timezone,14075,America/Chicago
china_reachable,13967,no
ui.language,14599,english
china_reachable,13826,no
ui.language,15209,english
ui.language,14225,english
timezone,14022,Europe/London
timezone,13771,America/New_York
timezone,14378,America/New_York
timezone,15280,America/Los_Angeles
ui.language,13662,english
china_reachable,13024,no
timezone,15460,America/Los_Angeles
china_reachable,13703,no
ui.language,13951,english
ui.language,13885,english
ui.language,13681,english
timezone,15073,America/Los_Angeles
ui.language,15043,english
timezone,14376,America/New_York
timezone,15235,America/Los_Angeles
ui.language,15045,english
ui.language,13838,english
timezone,14248,Europe/London
ui.language,15064,english
timezone,13944,America/New_York
ui.language,15270,english
china_reachable,13691,no
timezone,14557,America/Los_Angeles
ui.language,15155,english
ui.language,15420,english
ui.language,13921,english
timezone,15277,America/Los_Angeles
ui.language,14377,english
ui.language,13747,english
ui.language,15148,english
ui.language,15397,english
ui.language,13677,english
china_reachable,13974,no
ui.language,15146,english
timezone,15334,America/Los_Angeles
timezone,14001,America/New_York
ui.language,15305,english
ui.language,14540,english
ui.language,14956,english
ui.language,15126,english
ui.language,14553,english
timezone,13869,America/Los_Angeles
ui.language,13953,english
timezone,13885,America/New_York
ui.language,14033,english
china_reachable,13881,no
ui.language,15298,english
ui.language,14370,english
ui.language,15224,english
timezone,14676,America/Los_Angeles
ui.language,14672,english
ui.language,13939,english
timezone,15273,America/Los_Angeles
timezone,15407,Asia/Colombo
timezone,13612,America/New_York
ui.language,15128,english
ui.language,13111,english
ui.language,13817,english
ui.language,15399,english
timezone,15178,America/Chicago
ui.language,13910,english
timezone,13920,America/Los_Angeles
ui.language,15446,english
ui.language,15106,english
ui.language,14350,english
timezone,13960,America/Chicago
ui.language,14812,english
timezone,15196,America/Los_Angeles
ui.language,14359,english
timezone,14368,America/New_York
timezone,15247,America/Los_Angeles
china_reachable,13789,no
ui.language,15303,english
timezone,15305,America/Los_Angeles
ui.language,14311,english
ui.language,13943,english
ui.language,13024,english
ui.language,15010,english
ui.language,14814,english
timezone,14538,America/Los_Angeles
timezone,15193,America/Los_Angeles
ui.language,14984,english
ui.language,15196,english
china_reachable,14117,no
timezone,15411,America/Los_Angeles
timezone,15297,America/Los_Angeles
timezone,14606,America/Chicago
ui.language,15498,english
china_reachable,13654,no
ui.language,13821,english
ui.language,14467,english
timezone,14446,America/New_York
ui.language,13814,english
timezone,13600,Europe/London
timezone,14347,America/Chicago
ui.language,15186,english
china_reachable,14142,no
ui.language,14028,english
ui.language,13667,english
ui.language,15215,english
ui.language,14623,english
timezone,14730,America/Chicago
ui.language,15401,english
ui.language,13997,english
ui.language,13801,english
timezone,14470,America/Chicago
ui.language,13604,english
china_reachable,13528,no
timezone,14123,America/Chicago
timezone,15189,America/Los_Angeles
ui.language,14499,english
timezone,15486,America/Chicago
timezone,13774,America/New_York
timezone,15165,America/Los_Angeles
ui.language,14356,english
ui.language,13682,english
timezone,14024,Europe/London
timezone,14515,America/New_York
timezone,15351,America/Los_Angeles
ui.language,15269,english
timezone,14219,America/Los_Angeles
ui.language,14376,english
ui.language,13823,english
ui.language,15389,english
china_reachable,14022,no
ui.language,15172,english
ui.language,14677,english
ui.language,14256,english
china_reachable,13923,no
ui.language,15406,english
timezone,14541,America/Los_Angeles
timezone,15479,America/New_York
ui.language,15379,english
ui.language,15497,english
timezone,14545,America/Los_Angeles
ui.language,13593,english
ui.language,15022,english
ui.language,15371,english
china_reachable,13622,no
ui.language,15070,english
china_reachable,13733,no
ui.language,15103,english
timezone,14524,America/New_York
china_reachable,13791,no
ui.language,15131,english
timezone,15171,America/New_York
timezone,14485,America/Phoenix
ui.language,13954,english
china_reachable,14067,no
timezone,14663,America/Los_Angeles
timezone,14222,America/Phoenix
timezone,15254,America/Los_Angeles
timezone,13950,America/Chicago
ui.language,13748,english
ui.language,13594,english
timezone,14007,America/Los_Angeles
timezone,15293,America/Los_Angeles
ui.language,14217,english
china_reachable,14091,no
ui.language,14326,english
ui.language,14473,english
ui.language,14640,english
ui.language,13745,english
ui.language,13888,english
ui.language,15178,english
timezone,15208,America/Los_Angeles
ui.language,15491,english
ui.language,13847,english
timezone,14223,Europe/London
ui.language,15016,english
ui.language,15013,english
ui.language,15089,english
ui.language,14363,english
timezone,14019,Europe/London
ui.language,14735,english
timezone,14215,America/Los_Angeles
ui.language,14591,english
timezone,15205,America/Chicago
ui.language,13857,english
timezone,14107,Europe/London
ui.language,14107,english
ui.language,15328,english
ui.language,15239,english
timezone,13748,America/Phoenix
timezone,15350,America/Chicago
ui.language,14222,english
ui.language,15537,english
ui.language,14320,english
ui.language,14023,english
ui.language,15412,english
china_reachable,13728,no
ui.language,15455,english
ui.language,13932,english
china_reachable,13894,no
ui.language,14455,english
timezone,15057,America/Los_Angeles
timezone,15098,America/Los_Angeles
timezone,14629,America/Los_Angeles
timezone,15450,America/Los_Angeles
ui.language,14059,english
timezone,15259,America/New_York
ui.language,15005,english
timezone,15367,America/New_York
timezone,14311,America/Los_Angeles
timezone,13678,America/Los_Angeles
ui.language,14561,english
ui.language,13865,english
ui.language,14583,english
timezone,13679,America/Los_Angeles
ui.language,13710,english
timezone,15153,America/Sao_Paulo
timezone,14473,Europe/London
timezone,15143,America/Denver
timezone,14490,America/New_York
china_reachable,13753,no
ui.language,13787,english
ui.language,15421,english
timezone,14444,America/Chicago
ui.language,13733,english
ui.language,14559,english
timezone,14469,Europe/London
ui.language,13810,english
ui.language,14614,english
ui.language,13874,english
ui.language,14562,english
timezone,15211,America/Los_Angeles
ui.language,14474,english
ui.language,14470,english
timezone,14600,America/Los_Angeles
ui.language,13622,english
ui.language,15526,english
ui.language,14109,english
ui.language,14508,english
ui.language,15233,english
timezone,14586,America/Los_Angeles
ui.language,15238,english
ui.language,13716,english
timezone,14037,Europe/London
ui.language,15341,english
ui.language,14966,english
timezone,13901,America/Los_Angeles
timezone,14516,America/Los_Angeles
ui.language,15400,english
ui.language,15118,english
timezone,14620,America/Los_Angeles
timezone,15522,Europe/Berlin
ui.language,14576,english
timezone,15344,Asia/Kolkata
timezone,15408,America/New_York
ui.language,15210,english
timezone,14532,America/Los_Angeles
ui.language,13844,english
ui.language,13649,english
ui.language,14563,english
timezone,15319,America/Chicago
ui.language,14236,english
ui.language,14352,english
ui.language,13713,english
timezone,15185,America/New_York
ui.language,15268,english
timezone,15089,America/Los_Angeles
ui.language,14219,english
ui.language,14245,english
china_reachable,13729,no
china_reachable,14109,no
timezone,14597,America/Los_Angeles
ui.language,15134,english
ui.language,14700,english
timezone,15478,America/Chicago
ui.language,13744,english
ui.language,15190,english
timezone,15410,America/Chicago
timezone,13636,America/Los_Angeles
china_reachable,13821,no
ui.language,14454,english
ui.language,13916,english
ui.language,15259,english
timezone,14585,America/Los_Angeles
ui.language,15404,english
ui.language,14062,english
timezone,14112,America/Chicago
ui.language,13665,english
timezone,15398,Asia/Colombo
ui.language,14449,english
ui.language,15242,english
timezone,15294,America/Los_Angeles
ui.language,14312,english
timezone,14671,America/Los_Angeles
ui.language,13697,english
timezone,13959,America/Los_Angeles
timezone,14598,America/Los_Angeles
ui.language,14608,english
ui.language,13023,english
ui.language,15029,english
timezone,15176,America/Chicago
ui.language,14633,english
timezone,15122,America/Los_Angeles
timezone,14601,America/Los_Angeles
timezone,14054,America/Los_Angeles
ui.language,14461,english
timezone,15123,Europe/London
ui.language,13803,english
timezone,15170,America/Los_Angeles
ui.language,14368,english
ui.language,14402,english
ui.language,15237,english
ui.language,15436,english
ui.language,15523,english
china_reachable,13906,no
timezone,14308,America/Los_Angeles
ui.language,14066,english
ui.language,15009,english
timezone,15397,Asia/Colombo
timezone,14543,America/Los_Angeles
ui.language,14606,english
china_reachable,14144,no
timezone,15457,America/Los_Angeles
ui.language,15324,english
china_reachable,13621,no
timezone,14535,America/Los_Angeles
ui.language,14963,english
ui.language,13884,english
timezone,14048,America/Phoenix
timezone,15241,America/Los_Angeles
ui.language,14645,english
timezone,13761,America/Los_Angeles
ui.language,13686,english
timezone,14610,America/New_York
ui.language,15027,english
ui.language,13867,english
ui.language,15191,english
ui.language,13583,english
timezone,13878,America/Los_Angeles
ui.language,13892,english
ui.language,13807,english
ui.language,13639,english
timezone,15447,America/Chicago
timezone,15385,America/New_York
ui.language,14438,english
timezone,15101,America/Los_Angeles
timezone,15537,Asia/Colombo
timezone,15480,America/New_York
timezone,13650,America/Los_Angeles
ui.language,14957,english
timezone,14055,America/Los_Angeles
timezone,15359,America/Los_Angeles
china_reachable,13980,no
ui.language,15179,english
china_reachable,13770,no
timezone,14642,America/Los_Angeles
timezone,14236,America/Los_Angeles
ui.language,15007,english
timezone,13649,America/New_York
ui.language,14089,english
ui.language,14570,english
china_reachable,13975,no
ui.language,14277,english
ui.language,13796,english
ui.language,13859,english
timezone,13951,America/New_York
ui.language,15212,english
timezone,13882,America/Los_Angeles
timezone,15298,America/Los_Angeles
timezone,15365,America/Los_Angeles
ui.language,14319,english
ui.language,13963,english
ui.language,13663,english
ui.language,15344,english
ui.language,14216,english
ui.language,15465,english
ui.language,14573,english
ui.language,14995,english
ui.language,15033,english
ui.language,14958,english
ui.language,15504,english
ui.language,14574,english
ui.language,14032,english
ui.language,13669,english
timezone,14523,America/Detroit
timezone,14213,America/Phoenix
timezone,15227,America/Los_Angeles
ui.language,15390,english
china_reachable,13862,no
ui.language,15383,english
ui.language,13695,english
ui.language,13740,english
timezone,15150,America/New_York
china_reachable,13766,no
ui.language,15229,english
ui.language,13938,english
timezone,13759,America/New_York
ui.language,14047,english
timezone,15203,America/Los_Angeles
ui.language,15385,english
ui.language,13591,english
ui.language,15530,english
timezone,15169,Europe/London
ui.language,14224,english
china_reachable,13593,no
china_reachable,14009,no
ui.language,14615,english
china_reachable,13779,no
china_reachable,13940,no
ui.language,14031,english
ui.language,13946,english
ui.language,15002,english
ui.language,15474,english
ui.language,15464,english
timezone,15110,America/New_York
ui.language,14538,english
timezone,15467,America/New_York
china_reachable,13748,no
ui.language,15120,english
ui.language,15272,english
timezone,15384,America/Chicago
timezone,13969,America/Phoenix
ui.language,14164,english
timezone,14494,America/Los_Angeles
ui.language,15198,english
timezone,15065,America/Los_Angeles
ui.language,13766,english
timezone,15195,America/New_York
ui.language,14644,english
ui.language,13800,english
timezone,13987,America/Los_Angeles
ui.language,13642,english
ui.language,14595,english
timezone,15468,America/Los_Angeles
ui.language,15440,english
ui.language,15433,english
ui.language,15044,english
timezone,15343,Asia/Kolkata
ui.language,15181,english
ui.language,13725,english
china_reachable,14085,no
china_reachable,14078,no
ui.language,15230,english
timezone,15339,Asia/Colombo
ui.language,15378,english
ui.language,14678,english
timezone,13738,America/Los_Angeles
timezone,13680,America/Phoenix
timezone,15202,America/Los_Angeles
ui.language,13918,english
ui.language,14500,english
ui.language,15317,english
ui.language,15104,english
ui.language,14598,english
ui.language,14273,english
ui.language,14405,english
ui.language,15014,english
ui.language,15150,english
timezone,15289,America/New_York
timezone,15213,America/New_York
china_reachable,13710,no
timezone,15128,America/Los_Angeles
timezone,14409,America/New_York
ui.language,15170,english
ui.language,15408,english
timezone,14247,America/New_York
timezone,13993,America/New_York
timezone,15052,America/Chicago
ui.language,13926,english
ui.language,13679,english
timezone,14002,America/Los_Angeles
ui.language,13753,english
ui.language,15139,english
china_reachable,13758,no
timezone,14031,Europe/London
ui.language,14303,english
ui.language,13876,english
ui.language,15018,english
timezone,15515,America/Los_Angeles
timezone,14317,America/Los_Angeles
ui.language,13638,english
china_reachable,14057,no
ui.language,14585,english
timezone,14267,America/Phoenix
ui.language,13599,english
ui.language,14980,english
ui.language,14088,english
timezone,14426,America/New_York
timezone,15092,America/Los_Angeles
ui.language,14616,english
timezone,15136,America/New_York
ui.language,14406,english
china_reachable,14119,no
ui.language,14651,english
ui.language,15004,english
ui.language,15296,english
timezone,14517,Europe/London
china_reachable,13656,no
timezone,15081,America/Los_Angeles
ui.language,14324,english
ui.language,13608,english
ui.language,13900,english
ui.language,15197,english
timezone,15215,America/New_York
ui.language,14498,english
ui.language,13958,english
timezone,15448,America/New_York
ui.language,14395,english
timezone,15058,America/Los_Angeles
ui.language,14051,english
china_reachable,13651,no
timezone,14617,America/Los_Angeles
ui.language,15323,english
ui.language,15514,english
ui.language,15164,english
ui.language,15211,english
ui.language,15057,english
timezone,13990,America/Phoenix
ui.language,13588,english
timezone,15173,America/New_York
ui.language,13628,english
china_reachable,13925,no
ui.language,14014,english
ui.language,15098,english
timezone,15451,America/Chicago
ui.language,15255,english
ui.language,14269,english
china_reachable,13887,no
ui.language,14564,english
timezone,14641,America/Los_Angeles
ui.language,15283,english
ui.language,15141,english
ui.language,14004,english
ui.language,14987,english
ui.language,14554,english
ui.language,14639,english
timezone,15418,America/Phoenix
ui.language,15261,english
ui.language,13850,english
ui.language,13598,english
timezone,15428,America/Anguilla
